image_id,photographer,image_source,url,original_image_name,image_details,image_name
0,Charlie Cushing,https://cdn.openphoto.net/thumbs2/volumes/spankey/20050209/opl_StumblingOffTheWeeds.jpg,https://openphoto.net/gallery/image/view/7424,opl_StumblingOffTheWeeds.jpg,"egret, bird stock free images, free clip art, openphoto.be openphoto.meEgret Strikes Fish .  free photographs for download.  creative commons licensed images.  ",image_0.jpg
1,Charlie Cushing,https://cdn.openphoto.net/thumbs2/volumes/spankey/20050209/opl_SeesTheFish.jpg,https://openphoto.net/gallery/image/view/7422,opl_SeesTheFish.jpg,"egret stock free images, free clip art, openphoto.be openphoto.meUntitled .  free photographs for download.  creative commons licensed images.  ",image_1.jpg
2,Pavel Nahly ,https://cdn.openphoto.net/thumbs2/volumes/pavolnavol/20051016/openphotonet__DSC2472.jpg,https://openphoto.net/gallery/image/view/8951,openphotonet__DSC2472.jpg,"bird branch stock free images, free clip art, openphoto.be openphoto.meUntitled .  free photographs for download.  creative commons licensed images.  ",image_2.jpg
3,luca ,https://cdn.openphoto.net/thumbs2/volumes/randolf/20070412/openphotonet_volo3.jpg,https://openphoto.net/gallery/image/view/16518,openphotonet_volo3.jpg,"flight bird stock free images, free clip art, openphoto.be openphoto.meUntitled .  free photographs for download.  creative commons licensed images.  ",image_3.jpg
4,Anindya Chowdhury,https://cdn.openphoto.net/thumbs2/volumes/anindya/20071130/openphotonet_IMG_8050.JPG,https://openphoto.net/gallery/image/view/18812,openphotonet_IMG_8050.JPG,"anindya birds wild pretty beautiful close up beak eyes feathers stock free images, free clip art, openphoto.be openphoto.mewhite queen .  free photographs for download.  creative commons licensed images.  ",image_4.jpg
5,Miroslav Vajdić,https://cdn.openphoto.net/thumbs2/volumes/miro/20080512/openphotonet_P5100185.JPG,https://openphoto.net/gallery/image/view/20527,openphotonet_P5100185.JPG,"duck babyes, wild duck, duck, babyes stock free images, free clip art, openphoto.be openphoto.meduck babyes .  free photographs for download.  creative commons licensed images.  ",image_5.jpg
6,somewhereelse ,https://cdn.openphoto.net/thumbs2/volumes/somewhereelse/20060926/openphotonet_93064187_f48468e79e_o.jpg,https://openphoto.net/gallery/image/view/14878,openphotonet_93064187_f48468e79e_o.jpg,"gorgeous white swan still life stock free images, free clip art, openphoto.be openphoto.mewhite swan .  free photographs for download.  creative commons licensed images.  ",image_6.jpg
7,Miroslav Vajdić,https://cdn.openphoto.net/thumbs2/volumes/miro/20100517/openphotonet_P5103594a.jpg,https://openphoto.net/gallery/image/view/23171,openphotonet_P5103594a.jpg,"falcon, hawk, kite, city wild animals stock free images, free clip art, openphoto.be openphoto.meFalcon - Falco tinnunculus .  free photographs for download.  creative commons licensed images.  ",image_7.jpg
8,Miroslav Vajdić,https://cdn.openphoto.net/thumbs2/volumes/miro/20120728/openphotonet_Hawkkk.jpg,https://openphoto.net/gallery/image/view/24991,openphotonet_Hawkkk.jpg,"Falcon, hawk, wind, jet plane, wild, game bird stock free images, free clip art, openphoto.be openphoto.meFalcon - Falco tinnunculus .  free photographs for download.  creative commons licensed images.  ",image_8.jpg
9,Daniel Steger,https://cdn.openphoto.net/thumbs2/volumes/stg/20070902/openphotonet_PICT1564.jpg,https://openphoto.net/gallery/image/view/18237,openphotonet_PICT1564.jpg,"C. Moullec & his wild geese stock free images, free clip art, openphoto.be openphoto.meChristian Moullec & his wild geese .  free photographs for download.  creative commons licensed images.  ",image_9.jpg
10,Korry Benneth,https://cdn.openphoto.net/thumbs2/volumes/Korry/20130119/openphotonet_s_DSC04309.JPG,https://openphoto.net/gallery/image/view/25547,openphotonet_s_DSC04309.JPG,"winter, snow, nature, snowman, snowmen, carrot nose, coal buttons stock free images, free clip art, openphoto.be openphoto.mesnow time .  free photographs for download.  creative commons licensed images.  ",image_10.jpg
11,Korry Benneth,https://cdn.openphoto.net/thumbs2/volumes/Korry/20150423/openphotonet_9284419560_07d0ef76fa_o.jpg,https://openphoto.net/gallery/image/view/29185,openphotonet_9284419560_07d0ef76fa_o.jpg,"bird stock free images, free clip art, openphoto.be openphoto.meportrait of a bird .  free photographs for download.  creative commons licensed images.  ",image_11.jpg
12,Michael Jastremski,https://cdn.openphoto.net/thumbs2/volumes/mike/20160829/openphotonet_MAJ_5576.JPG,https://openphoto.net/gallery/image/view/31015,openphotonet_MAJ_5576.JPG,"hummingbird and feeder stock free images, free clip art, openphoto.be openphoto.mehummingbird feeding .  free photographs for download.  creative commons licensed images.  ",image_12.jpg
13,Michael Jastremski,https://cdn.openphoto.net/thumbs2/volumes/mike/20170821/openphotonet_MAJ_3098.JPG,https://openphoto.net/gallery/image/view/32296,openphotonet_MAJ_3098.JPG,"renfaire2017, bird of prey stock free images, free clip art, openphoto.be openphoto.mebarred owl .  free photographs for download.  creative commons licensed images.  ",image_13.jpg
14,Michael Jastremski,https://cdn.openphoto.net/thumbs2/volumes/mike/20171103/openphotonet_MAJ_4498.JPG,https://openphoto.net/gallery/image/view/32549,openphotonet_MAJ_4498.JPG,"single bird stock free images, free clip art, openphoto.be openphoto.medramatic philadelphia golden hour .  free photographs for download.  creative commons licensed images.  ",image_14.jpg
15,Miroslav Vajdić,https://cdn.openphoto.net/thumbs2/volumes/miro/20210914/openphotonet_DSC_1057.JPG,https://openphoto.net/gallery/image/view/33954,openphotonet_DSC_1057.JPG,"#emu large_bird #animal stock free images, free clip art, openphoto.be openphoto.meThe emu (Dromaius novaehollandiae) is the second-largest living bird by height, after its ratite relative, the ostrich. It is endemic to Australia .  free photographs for download.  creative commons licensed images.  ",image_15.jpg
16,Michael Jastremski,https://cdn.openphoto.net/thumbs2/volumes/mike/20210506/openphotonet_DJI_0866.JPG,https://openphoto.net/gallery/image/view/33909,openphotonet_DJI_0866.JPG," stock free images, free clip art, openphoto.be openphoto.memorning birds in flight .  free photographs for download.  creative commons licensed images.  ",image_16.jpg
17,Miroslav Vajdić,https://cdn.openphoto.net/thumbs2/volumes/miro/20180623/openphotonet_aDSC_3133.JPG,https://openphoto.net/gallery/image/view/32786,openphotonet_aDSC_3133.JPG,"#falcon     #animal     #GreatNature     m1r0slavv     wild birds     photooftheday     amazing     best     unbelievable     free licence     no1     free image     fantastic     #MiroslavVajdic     outdoor     animal     bird stock free images, free clip art, openphoto.be openphoto.meBaby falcons .  free photographs for download.  creative commons licensed images.  ",image_17.jpg
18,LORENTE Jerome,https://cdn.openphoto.net/thumbs2/volumes/vlibre/20051201/opl_barcelone%20135.jpg,https://openphoto.net/gallery/image/view/9133,opl_barcelone%20135.jpg,"family of swans geese white stock free images, free clip art, openphoto.be openphoto.meCignus - Cignes .  free photographs for download.  creative commons licensed images.  ",image_18.jpg
19,Michael Jastremski,https://cdn.openphoto.net/thumbs2/volumes/mike/openphoto_dot_net/2006_1_2_11156_7_OPL.jpg,https://openphoto.net/gallery/image/view/9527,2006_1_2_11156_7_OPL.jpg,"duck in pond near eiffel tower paris stock free images, free clip art, openphoto.be openphoto.meduckpondbytheeiffeltower .  free photographs for download.  creative commons licensed images.  ",image_19.jpg
20,diane zilliox,https://cdn.openphoto.net/thumbs2/volumes/dianekay/20040521/opl_boatmen.jpg,https://openphoto.net/gallery/image/view/6305,opl_boatmen.jpg,"rosita 1 boat stock free images, free clip art, openphoto.be openphoto.merosita number one fishing boat .  free photographs for download.  creative commons licensed images.  ",image_20.jpg
21,Bruce Kingsbury,https://cdn.openphoto.net/thumbs2/volumes/zcat/20050204/opl_IMG_0412.JPG,https://openphoto.net/gallery/image/view/7377,opl_IMG_0412.JPG,"child bird skyline stock free images, free clip art, openphoto.be openphoto.meDestiny .  free photographs for download.  creative commons licensed images.  ",image_21.jpg
22,Rodolfo Cartas,https://cdn.openphoto.net/thumbs2/volumes/sourcecraft/20051231/opl_PICT5424.JPG,https://openphoto.net/gallery/image/view/9308,opl_PICT5424.JPG,"ducks pond stock free images, free clip art, openphoto.be openphoto.meUntitled .  free photographs for download.  creative commons licensed images.  ",image_22.jpg
23,Daniel Steger,https://cdn.openphoto.net/thumbs2/volumes/stg/20061208/openphotonet_PICT8003.JPG,https://openphoto.net/gallery/image/view/15718,openphotonet_PICT8003.JPG,"Everglades, Miami, FL stock free images, free clip art, openphoto.be openphoto.meEverglades, Miami, FL .  free photographs for download.  creative commons licensed images.  ",image_23.jpg
24,Miroslav Vajdić,https://cdn.openphoto.net/thumbs2/volumes/miro/20070606/openphotonet_P6060005.JPG,https://openphoto.net/gallery/image/view/17676,openphotonet_P6060005.JPG,"wind hawk stock free images, free clip art, openphoto.be openphoto.mehawk 5 .  free photographs for download.  creative commons licensed images.  ",image_24.jpg
25,Adrian van Leen,https://cdn.openphoto.net/thumbs2/volumes/TALUDA/20080503/openphotonet_birds%20on%20a%20wire.JPG,https://openphoto.net/gallery/image/view/20152,openphotonet_birds%20on%20a%20wire.JPG,"birds, doves, wild, wire, power lines, high wires, in a row stock free images, free clip art, openphoto.be openphoto.meHigh wire birds - birds on a line .  free photographs for download.  creative commons licensed images.  ",image_25.jpg
26,Adrian van Leen,https://cdn.openphoto.net/thumbs2/volumes/TALUDA/20080603/openphotonet_barn%20owl.JPG,https://openphoto.net/gallery/image/view/20871,openphotonet_barn%20owl.JPG,"owl,mask,barn owl,white,bird,bird of prey,raptor,nocturnal,eyes,silent,flight, stock free images, free clip art, openphoto.be openphoto.meAustralian barn owl .  free photographs for download.  creative commons licensed images.  ",image_26.jpg
27,John Khan,https://cdn.openphoto.net/thumbs2/volumes/johnkhan/20070519/openphotonet_2005-08-06%20at%2015-45-38.jpg,https://openphoto.net/gallery/image/view/17558,openphotonet_2005-08-06%20at%2015-45-38.jpg,"bird hen exotic stock free images, free clip art, openphoto.be openphoto.meUntitled .  free photographs for download.  creative commons licensed images.  ",image_27.jpg
28,Miroslav Vajdić,https://cdn.openphoto.net/thumbs2/volumes/miro/20080227/openphotonet_P7070115_resize.JPG,https://openphoto.net/gallery/image/view/19173,openphotonet_P7070115_resize.JPG,"river, water,nature,croatia, wild ducks stock free images, free clip art, openphoto.be openphoto.meRiver Mreznica  024 .  free photographs for download.  creative commons licensed images.  ",image_28.jpg
29,Miroslav Vajdić,https://cdn.openphoto.net/thumbs2/volumes/miro/20120319/openphotonet_P6070025.JPG,https://openphoto.net/gallery/image/view/24558,openphotonet_P6070025.JPG,"falcon, hawk, kite, bird, predator, wild animals stock free images, free clip art, openphoto.be openphoto.meFalcon - Hawk - Falco tinnunculos  .  free photographs for download.  creative commons licensed images.  ",image_29.jpg
30,Par Comunicacao ,https://cdn.openphoto.net/thumbs2/volumes/par/20080722/openphotonet_S2010042.JPG,https://openphoto.net/gallery/image/view/21554,openphotonet_S2010042.JPG,"birds ducks white swans stock free images, free clip art, openphoto.be openphoto.meswan party .  free photographs for download.  creative commons licensed images.  ",image_30.jpg
31,Michael Jastremski,https://cdn.openphoto.net/thumbs2/volumes/mike/20111011/openphotonet_IMG_1641.JPG,https://openphoto.net/gallery/image/view/24217,openphotonet_IMG_1641.JPG,"philadelphia river schuylkill,parentingf stock free images, free clip art, openphoto.be openphoto.memother duck and babies .  free photographs for download.  creative commons licensed images.  ",image_31.jpg
32,Daniel Steger,https://cdn.openphoto.net/thumbs2/volumes/stg/20070902/openphotonet_PICT1562.jpg,https://openphoto.net/gallery/image/view/18238,openphotonet_PICT1562.jpg,"C. Moullec & his wild geese stock free images, free clip art, openphoto.be openphoto.meChristian Moullec & his wild geese .  free photographs for download.  creative commons licensed images.  ",image_32.jpg
33,Michael Jastremski,https://cdn.openphoto.net/thumbs2/volumes/mike/20150223/openphotonet_IMG_7562.JPG,https://openphoto.net/gallery/image/view/29003,openphotonet_IMG_7562.JPG,"two white swans stock free images, free clip art, openphoto.be openphoto.mepair of swans in the winter .  free photographs for download.  creative commons licensed images.  ",image_33.jpg
34,Michael Jastremski,https://cdn.openphoto.net/thumbs2/volumes/mike/20160822/openphotonet_DSC_4009.JPG,https://openphoto.net/gallery/image/view/30827,openphotonet_DSC_4009.JPG,"vqs2016, vieques, carribean, rain stock free images, free clip art, openphoto.be openphoto.merainshower over the ocean in vieques, with birds .  free photographs for download.  creative commons licensed images.  ",image_34.jpg
35,Michael Jastremski,https://cdn.openphoto.net/thumbs2/volumes/mike/20170821/openphotonet_MAJ_3152.JPG,https://openphoto.net/gallery/image/view/32286,openphotonet_MAJ_3152.JPG,"renfaire2017, pretty bird, bird of prey, mexico stock free images, free clip art, openphoto.be openphoto.mecaracara .  free photographs for download.  creative commons licensed images.  ",image_35.jpg
36,Michael Jastremski,https://cdn.openphoto.net/thumbs2/volumes/mike/20171020/openphotonet_MAJ_4325.JPG,https://openphoto.net/gallery/image/view/32511,openphotonet_MAJ_4325.JPG,"river, bird, philadelphia stock free images, free clip art, openphoto.be openphoto.meschuylkil river heron .  free photographs for download.  creative commons licensed images.  ",image_36.jpg
37,Michael Jastremski,https://cdn.openphoto.net/thumbs2/volumes/mike/20171020/openphotonet_MAJ_4320.JPG,https://openphoto.net/gallery/image/view/32510,openphotonet_MAJ_4320.JPG,"philadelphia, bird stock free images, free clip art, openphoto.be openphoto.mestealthy heron  .  free photographs for download.  creative commons licensed images.  ",image_37.jpg
38,Michael Jastremski,https://cdn.openphoto.net/thumbs2/volumes/mike/20171103/openphotonet_MAJ_4466.JPG,https://openphoto.net/gallery/image/view/32539,openphotonet_MAJ_4466.JPG,"pa ren faire, birds of prey, barred owl, visitpa stock free images, free clip art, openphoto.be openphoto.meknightwings demo at ren faire .  free photographs for download.  creative commons licensed images.  ",image_38.jpg
39,Michael Jastremski,https://cdn.openphoto.net/thumbs2/volumes/mike/20171103/openphotonet_MAJ_4494.JPG,https://openphoto.net/gallery/image/view/32548,openphotonet_MAJ_4494.JPG,"Bird with wings touching the water stock free images, free clip art, openphoto.be openphoto.meheron in flight with big bling in background  .  free photographs for download.  creative commons licensed images.  ",image_39.jpg
40,Miroslav Vajdić,https://cdn.openphoto.net/thumbs2/volumes/miro/20210914/openphotonet_DSC_1150.JPG,https://openphoto.net/gallery/image/view/33951,openphotonet_DSC_1150.JPG,"#Peacock stock free images, free clip art, openphoto.be openphoto.mePeacock .  free photographs for download.  creative commons licensed images.  ",image_40.jpg
41,Daniel Steger,https://cdn.openphoto.net/thumbs2/volumes/stg/20050516/openphotonet_paris3.jpg,https://openphoto.net/gallery/image/view/8121,openphotonet_paris3.jpg,"Eiffel Tower, Paris stock free images, free clip art, openphoto.be openphoto.meParis .  free photographs for download.  creative commons licensed images.  ",image_41.jpg
42,Scott Roberts,https://cdn.openphoto.net/thumbs2/volumes/scott/20040220/opl_dscf0144.jpg,https://openphoto.net/gallery/image/view/6049,opl_dscf0144.jpg,"pink flamingo bird stock free images, free clip art, openphoto.be openphoto.meflamingos .  free photographs for download.  creative commons licensed images.  ",image_42.jpg
43,Michael Lane,https://cdn.openphoto.net/thumbs2/volumes/lanemik/20050119/opl__MG_0257.JPG,https://openphoto.net/gallery/image/view/7106,opl__MG_0257.JPG,"Tacoma Bird Seagull stock free images, free clip art, openphoto.be openphoto.meSeagul on Bridge .  free photographs for download.  creative commons licensed images.  ",image_43.jpg
44,Peter Bla�ek,https://cdn.openphoto.net/thumbs2/volumes/patulko1/20050930/opl_oslava%20025.jpg,https://openphoto.net/gallery/image/view/8895,opl_oslava%20025.jpg,"chicks stock free images, free clip art, openphoto.be openphoto.mebeach birds .  free photographs for download.  creative commons licensed images.  ",image_44.jpg
45,Michael Jastremski,https://cdn.openphoto.net/thumbs2/volumes/mike/20051231/opl_2005_12_30_Paris_Before_After%20183.jpg,https://openphoto.net/gallery/image/view/9324,opl_2005_12_30_Paris_Before_After%20183.jpg,"seagull gull parisian  stock free images, free clip art, openphoto.be openphoto.meParis gull at a pond .  free photographs for download.  creative commons licensed images.  ",image_45.jpg
46,Michael Jastremski,https://cdn.openphoto.net/thumbs2/volumes/mike/openphoto_dot_net/2005_10_22_5180_4_OPL.jpg,https://openphoto.net/gallery/image/view/8976,2005_10_22_5180_4_OPL.jpg,"bird on a wire stock free images, free clip art, openphoto.be openphoto.mebird on wire .  free photographs for download.  creative commons licensed images.  ",image_46.jpg
47,Isidro Lam,https://cdn.openphoto.net/thumbs2/volumes/peaceland/20060302/openphotonet_IMG_1961.JPG,https://openphoto.net/gallery/image/view/10010,openphotonet_IMG_1961.JPG,"crow on lamp post stock free images, free clip art, openphoto.be openphoto.meUntitled .  free photographs for download.  creative commons licensed images.  ",image_47.jpg
48,Emmanuel Salé,https://cdn.openphoto.net/thumbs2/volumes/prysme/20060516/openphotonet_DSC_0116.jpg,https://openphoto.net/gallery/image/view/10791,openphotonet_DSC_0116.jpg,"goose stock free images, free clip art, openphoto.be openphoto.meA goose .  free photographs for download.  creative commons licensed images.  ",image_48.jpg
49,Daniel Steger,https://cdn.openphoto.net/thumbs2/volumes/stg/20061208/openphotonet_PICT8000.JPG,https://openphoto.net/gallery/image/view/15721,openphotonet_PICT8000.JPG,"Everglades, Miami, FL exotic bird stock free images, free clip art, openphoto.be openphoto.meEverglades, Miami, FL .  free photographs for download.  creative commons licensed images.  ",image_49.jpg
50,Daniel Steger,https://cdn.openphoto.net/thumbs2/volumes/stg/20061208/openphotonet_PICT8008.JPG,https://openphoto.net/gallery/image/view/15715,openphotonet_PICT8008.JPG,"Everglades, Miami, FL stock free images, free clip art, openphoto.be openphoto.meEverglades, Miami, FL .  free photographs for download.  creative commons licensed images.  ",image_50.jpg
51,anna ,https://cdn.openphoto.net/thumbs2/volumes/anna/20070102/openphotonet_seagull-in-the-winter.jpg,https://openphoto.net/gallery/image/view/15910,openphotonet_seagull-in-the-winter.jpg,"Gabbiani sulla spiaggia in fase di decollo: clap clap... e via! stock free images, free clip art, openphoto.be openphoto.mebirds on resort beach .  free photographs for download.  creative commons licensed images.  ",image_51.jpg
52,Miroslav Vajdić,https://cdn.openphoto.net/thumbs2/volumes/miro/20070415/openphotonet_kokot%20p07%2006.jpg,https://openphoto.net/gallery/image/view/16532,openphotonet_kokot%20p07%2006.jpg,"rooster. red rooster, head stock free images, free clip art, openphoto.be openphoto.merooster - head .  free photographs for download.  creative commons licensed images.  ",image_52.jpg
53,John Khan,https://cdn.openphoto.net/thumbs2/volumes/johnkhan/20070519/openphotonet_2005-08-06%20at%2015-27-57.jpg,https://openphoto.net/gallery/image/view/17559,openphotonet_2005-08-06%20at%2015-27-57.jpg,"multicolored coloured bird stock free images, free clip art, openphoto.be openphoto.meUntitled .  free photographs for download.  creative commons licensed images.  ",image_53.jpg
54,Daniel Steger,https://cdn.openphoto.net/thumbs2/volumes/stg/20070719/openphotonet_PICT0437.JPG,https://openphoto.net/gallery/image/view/17998,openphotonet_PICT0437.JPG,"Swan, family stock free images, free clip art, openphoto.be openphoto.meSwan family .  free photographs for download.  creative commons licensed images.  ",image_54.jpg
55,Anindya Chowdhury,https://cdn.openphoto.net/thumbs2/volumes/anindya/20071130/openphotonet_IMG_8040.jpg,https://openphoto.net/gallery/image/view/18814,openphotonet_IMG_8040.jpg,"anindya pigeons birds stock free images, free clip art, openphoto.be openphoto.mePeaceful .  free photographs for download.  creative commons licensed images.  ",image_55.jpg
56,Rodnei Reis,https://cdn.openphoto.net/thumbs2/volumes/studioz/20080308/openphotonet_bem_te_vi_01_1600x1200.jpg,https://openphoto.net/gallery/image/view/19271,openphotonet_bem_te_vi_01_1600x1200.jpg,"great kiskadee, bird, bem-te-vi, pÃ¡ssaro stock free images, free clip art, openphoto.be openphoto.meGreat Kiskadee .  free photographs for download.  creative commons licensed images.  ",image_56.jpg
57,Adrian van Leen,https://cdn.openphoto.net/thumbs2/volumes/TALUDA/20080603/openphotonet_Peacock%20colour3.JPG,https://openphoto.net/gallery/image/view/20980,openphotonet_Peacock%20colour3.JPG,"peacock,bird,large,colourful,colorful,bright,blue,green,feathers,eyes,display,tail,, stock free images, free clip art, openphoto.be openphoto.mepeacock colour .  free photographs for download.  creative commons licensed images.  ",image_57.jpg
58,Sarah Klockars-Clauser,https://cdn.openphoto.net/thumbs2/volumes/sarabbit/20081110/openphotonet_IMG_1610.JPG.jpg,https://openphoto.net/gallery/image/view/21985,openphotonet_IMG_1610.JPG.jpg,"altered peacock display feathers red bright stock free images, free clip art, openphoto.be openphoto.mepop-peacock .  free photographs for download.  creative commons licensed images.  ",image_58.jpg
59,Adrian van Leen,https://cdn.openphoto.net/thumbs2/volumes/TALUDA/20080710/openphotonet_pelican%20reflection2.JPG,https://openphoto.net/gallery/image/view/21511,openphotonet_pelican%20reflection2.JPG,"elegant bird long beak  stock free images, free clip art, openphoto.be openphoto.meUntitled .  free photographs for download.  creative commons licensed images.  ",image_59.jpg
60,Antonello Michele Mastinu,https://cdn.openphoto.net/thumbs2/volumes/lello/20070409/openphotonet_03_-_Diamantini.jpg,https://openphoto.net/gallery/image/view/16492,openphotonet_03_-_Diamantini.jpg,"3 buddies birdcage stock free images, free clip art, openphoto.be openphoto.meUntitled .  free photographs for download.  creative commons licensed images.  ",image_60.jpg
61,Miroslav Vajdić,https://cdn.openphoto.net/thumbs2/volumes/miro/20080802/openphotonet_21%20VII%20Veli%200051.jpg,https://openphoto.net/gallery/image/view/21579,openphotonet_21%20VII%20Veli%200051.jpg,"bird ,. sea, harbour stock free images, free clip art, openphoto.be openphoto.mebird at sea harbour .  free photographs for download.  creative commons licensed images.  ",image_61.jpg
62,Miroslav Vajdić,https://cdn.openphoto.net/thumbs2/volumes/miro/20081108/openphotonet_P5100029.JPG,https://openphoto.net/gallery/image/view/21971,openphotonet_P5100029.JPG,"swan, white bird, elegant bird, labud stock free images, free clip art, openphoto.be openphoto.meswan - full .  free photographs for download.  creative commons licensed images.  ",image_62.jpg
63,Erika Mlejova,https://cdn.openphoto.net/thumbs2/volumes/erika/20070323/openphotonet_IMG_0766.jpg,https://openphoto.net/gallery/image/view/16352,openphotonet_IMG_0766.jpg,"Germany Bonn Rheinaue stock free images, free clip art, openphoto.be openphoto.megoose .  free photographs for download.  creative commons licensed images.  ",image_63.jpg
64,Miroslav Vajdić,https://cdn.openphoto.net/thumbs2/volumes/miro/20080227/openphotonet_P7070119_resize.JPG,https://openphoto.net/gallery/image/view/19174,openphotonet_P7070119_resize.JPG,"river, water,nature,croatia, landscape stock free images, free clip art, openphoto.be openphoto.meRiver Mreznica  023 .  free photographs for download.  creative commons licensed images.  ",image_64.jpg
65,Michael Jastremski,https://cdn.openphoto.net/thumbs2/volumes/mike/20101113/openphotonet_IMG_9993.JPG,https://openphoto.net/gallery/image/view/23731,openphotonet_IMG_9993.JPG,"snooty geese  stock free images, free clip art, openphoto.be openphoto.mepaddling birds geese goose river swimming .  free photographs for download.  creative commons licensed images.  ",image_65.jpg
66,Miroslav Vajdić,https://cdn.openphoto.net/thumbs2/volumes/miro/20080227/openphotonet_P7070302_resize.JPG,https://openphoto.net/gallery/image/view/19189,openphotonet_P7070302_resize.JPG,"river, nature, croatia, wild duck stock free images, free clip art, openphoto.be openphoto.meRiver Mreznica  07 .  free photographs for download.  creative commons licensed images.  ",image_66.jpg
67,Julio de Carvalho,https://cdn.openphoto.net/thumbs2/volumes/Juliodecarvalho/20090217/openphotonet_recorte%20em%20vvoo.JPG,https://openphoto.net/gallery/image/view/22324,openphotonet_recorte%20em%20vvoo.JPG,"Montemor-o-Novo, Portugal, Lavre stock free images, free clip art, openphoto.be openphoto.mePinhal da Poupa (Santuário de Cegonhas) .  free photographs for download.  creative commons licensed images.  ",image_67.jpg
68,Michael Jastremski,https://cdn.openphoto.net/thumbs2/volumes/mike/20110216/openphotonet_IMG_1149.JPG,https://openphoto.net/gallery/image/view/23855,openphotonet_IMG_1149.JPG,"bird stock free images, free clip art, openphoto.be openphoto.meheron .  free photographs for download.  creative commons licensed images.  ",image_68.jpg
69,Antonello Michele Mastinu,https://cdn.openphoto.net/thumbs2/volumes/lello/20070409/openphotonet_02_-_Diamantini.jpg,https://openphoto.net/gallery/image/view/16491,openphotonet_02_-_Diamantini.jpg,"birdcage stock free images, free clip art, openphoto.be openphoto.meUntitled .  free photographs for download.  creative commons licensed images.  ",image_69.jpg
70,Antonello Michele Mastinu,https://cdn.openphoto.net/thumbs2/volumes/lello/20070628/openphotonet_08_-_Torre_Argentina.jpg,https://openphoto.net/gallery/image/view/17940,openphotonet_08_-_Torre_Argentina.jpg,"birds on stone island stock free images, free clip art, openphoto.be openphoto.meUntitled .  free photographs for download.  creative commons licensed images.  ",image_70.jpg
71,nally ,https://cdn.openphoto.net/thumbs2/volumes/nally/20071111/openphotonet_cima_triste_01.jpg,https://openphoto.net/gallery/image/view/18704,openphotonet_cima_triste_01.jpg,"tree winter bare stark stock free images, free clip art, openphoto.be openphoto.meUntitled .  free photographs for download.  creative commons licensed images.  ",image_71.jpg
72,Michael Jastremski,https://cdn.openphoto.net/thumbs2/volumes/mike/20111011/openphotonet_Skook_October_8_Harry%20085.jpg,https://openphoto.net/gallery/image/view/24215,openphotonet_Skook_October_8_Harry%20085.jpg,"bird gracefully flying along water surface stock free images, free clip art, openphoto.be openphoto.meflight .  free photographs for download.  creative commons licensed images.  ",image_72.jpg
73,Michael Jastremski,https://cdn.openphoto.net/thumbs2/volumes/mike/20130611/openphotonet_IMG_3360.JPG,https://openphoto.net/gallery/image/view/25911,openphotonet_IMG_3360.JPG,"egret possibly stock free images, free clip art, openphoto.be openphoto.meUntitled .  free photographs for download.  creative commons licensed images.  ",image_73.jpg
74,Miroslav Vajdić,https://cdn.openphoto.net/thumbs2/volumes/miro/20130624/openphotonet_P8038106A%20%283%29.JPG,https://openphoto.net/gallery/image/view/25930,openphotonet_P8038106A%20%283%29.JPG,"swan, bird, nature , wild , animal stock free images, free clip art, openphoto.be openphoto.meswans .  free photographs for download.  creative commons licensed images.  ",image_74.jpg
75,Miroslav Vajdić,https://cdn.openphoto.net/thumbs2/volumes/miro/20131028/openphotonet_black_swan.JPG,https://openphoto.net/gallery/image/view/26485,openphotonet_black_swan.JPG,"ANIMAL, ORIENTAL, EXOTIC, WILD ANIMAL, SNAKES, AFRICA, M1R0SLAVV stock free images, free clip art, openphoto.be openphoto.meblack swan .  free photographs for download.  creative commons licensed images.  ",image_75.jpg
76,Miroslav Vajdić,https://cdn.openphoto.net/thumbs2/volumes/miro/20131028/openphotonet_owl.JPG,https://openphoto.net/gallery/image/view/26474,openphotonet_owl.JPG,"wild animals, #animals, #great nature, africa, wild life,owl stock free images, free clip art, openphoto.be openphoto.meowl .  free photographs for download.  creative commons licensed images.  ",image_76.jpg
77,Michael Jastremski,https://cdn.openphoto.net/thumbs2/volumes/mike/20140414/openphotonet_IMG_8775.CR2.jpg,https://openphoto.net/gallery/image/view/27502,openphotonet_IMG_8775.CR2.jpg,"pretty swan at sunset stock free images, free clip art, openphoto.be openphoto.mewhite swan on the river .  free photographs for download.  creative commons licensed images.  ",image_77.jpg
78,Michael Jastremski,https://cdn.openphoto.net/thumbs2/volumes/mike/20141027/openphotonet_IMG_6642.JPG,https://openphoto.net/gallery/image/view/28744,openphotonet_IMG_6642.JPG,"bird handler girl  stock free images, free clip art, openphoto.be openphoto.mepa ren faire hawk .  free photographs for download.  creative commons licensed images.  ",image_78.jpg
79,Michael Jastremski,https://cdn.openphoto.net/thumbs2/volumes/mike/20150223/openphotonet_IMG_7538.JPG,https://openphoto.net/gallery/image/view/28988,openphotonet_IMG_7538.JPG,"swan pennsylvania white winter stock free images, free clip art, openphoto.be openphoto.meUntitled .  free photographs for download.  creative commons licensed images.  ",image_79.jpg
80,Michael Jastremski,https://cdn.openphoto.net/thumbs2/volumes/mike/20150223/openphotonet_IMG_7556.JPG,https://openphoto.net/gallery/image/view/28998,openphotonet_IMG_7556.JPG,"swans hiding stock free images, free clip art, openphoto.be openphoto.meswan hiding in the snowy reeds .  free photographs for download.  creative commons licensed images.  ",image_80.jpg
81,Michael Jastremski,https://cdn.openphoto.net/thumbs2/volumes/mike/20150223/openphotonet_IMG_7552.JPG,https://openphoto.net/gallery/image/view/29001,openphotonet_IMG_7552.JPG,"swan stock free images, free clip art, openphoto.be openphoto.meswan in snow .  free photographs for download.  creative commons licensed images.  ",image_81.jpg
82,Michael Jastremski,https://cdn.openphoto.net/thumbs2/volumes/mike/20170318/openphotonet_MAJ_9571.JPG,https://openphoto.net/gallery/image/view/31741,openphotonet_MAJ_9571.JPG,"many robins roosting in a tree 256 stock free images, free clip art, openphoto.be openphoto.meabout 100 robins .  free photographs for download.  creative commons licensed images.  ",image_82.jpg
83,Michael Jastremski,https://cdn.openphoto.net/thumbs2/volumes/mike/20170821/openphotonet_MAJ_3151.JPG,https://openphoto.net/gallery/image/view/32313,openphotonet_MAJ_3151.JPG,"renfaire2017 stock free images, free clip art, openphoto.be openphoto.mecara cara .  free photographs for download.  creative commons licensed images.  ",image_83.jpg
84,Michael Jastremski,https://cdn.openphoto.net/thumbs2/volumes/mike/20170929/openphotonet_MAJ_3737.JPG,https://openphoto.net/gallery/image/view/32392,openphotonet_MAJ_3737.JPG,"birds flying overhead stock free images, free clip art, openphoto.be openphoto.memorning river haze .  free photographs for download.  creative commons licensed images.  ",image_84.jpg
85,Michael Jastremski,https://cdn.openphoto.net/thumbs2/volumes/mike/20170929/openphotonet_MAJ_3702.JPG,https://openphoto.net/gallery/image/view/32393,openphotonet_MAJ_3702.JPG,"bird migration stock free images, free clip art, openphoto.be openphoto.meflying geese .  free photographs for download.  creative commons licensed images.  ",image_85.jpg
86,Michael Jastremski,https://cdn.openphoto.net/thumbs2/volumes/mike/20171020/openphotonet_MAJ_4319.JPG,https://openphoto.net/gallery/image/view/32504,openphotonet_MAJ_4319.JPG,"bird, riverbank stock free images, free clip art, openphoto.be openphoto.meheron on the schuylkill river .  free photographs for download.  creative commons licensed images.  ",image_86.jpg
87,Michael Jastremski,https://cdn.openphoto.net/thumbs2/volumes/mike/20171020/openphotonet_MAJ_4313.JPG,https://openphoto.net/gallery/image/view/32533,openphotonet_MAJ_4313.JPG,"heron on the schuylkill river stock free images, free clip art, openphoto.be openphoto.mehiding heron, october 2017 .  free photographs for download.  creative commons licensed images.  ",image_87.jpg
88,Michael Jastremski,https://cdn.openphoto.net/thumbs2/volumes/mike/20171020/openphotonet_MAJ_4315.JPG,https://openphoto.net/gallery/image/view/32535,openphotonet_MAJ_4315.JPG,"heron stock free images, free clip art, openphoto.be openphoto.meheron .  free photographs for download.  creative commons licensed images.  ",image_88.jpg
89,Michael Jastremski,https://cdn.openphoto.net/thumbs2/volumes/mike/20171103/openphotonet_MAJ_4497.JPG,https://openphoto.net/gallery/image/view/32542,openphotonet_MAJ_4497.JPG,"clouds over the schuylkill river with big bling in the background stock free images, free clip art, openphoto.be openphoto.meheron skimming the schuylkill river .  free photographs for download.  creative commons licensed images.  ",image_89.jpg
90,Michael Jastremski,https://cdn.openphoto.net/thumbs2/volumes/mike/20131216/openphotonet_238d4f35bf27492cddcc65c563e1ab3b.jpg,https://openphoto.net/gallery/image/view/26982,openphotonet_238d4f35bf27492cddcc65c563e1ab3b.jpg,"horses and an egret in vieques stock free images, free clip art, openphoto.be openphoto.metwo horses in the vieques jungle .  free photographs for download.  creative commons licensed images.  ",image_90.jpg
91,Michael Jastremski,https://cdn.openphoto.net/thumbs2/volumes/mike/20210506/openphotonet_DJI_0867.JPG,https://openphoto.net/gallery/image/view/33905,openphotonet_DJI_0867.JPG," stock free images, free clip art, openphoto.be openphoto.mebirds flying over a morning valley .  free photographs for download.  creative commons licensed images.  ",image_91.jpg
92,Michael Jastremski,https://cdn.openphoto.net/thumbs2/volumes/mike/20220713/openphotonet_MAJ_0824.jpeg,https://openphoto.net/gallery/image/view/34375,openphotonet_MAJ_0824.jpeg,"birds nest snow stock free images, free clip art, openphoto.be openphoto.meSnowy Nest .  free photographs for download.  creative commons licensed images.  ",image_92.jpg
93,Miroslav Vajdić,https://cdn.openphoto.net/thumbs2/volumes/miro/20180623/openphotonet_aDSC_3157.JPG,https://openphoto.net/gallery/image/view/32784,openphotonet_aDSC_3157.JPG,"#falcon     #animal     #GreatNature     m1r0slavv     wild birds     photooftheday     amazing     best     unbelievable     free licence     no1     free image     fantastic     #MiroslavVajdic     outdoor     animal     bird stock free images, free clip art, openphoto.be openphoto.meBaby falcons .  free photographs for download.  creative commons licensed images.  ",image_93.jpg
94,turnvater ,https://cdn.openphoto.net/thumbs2/volumes/turnvater/20050304/opl_mewio.jpg,https://openphoto.net/gallery/image/view/7591,opl_mewio.jpg,"bulgarian seagull stock free images, free clip art, openphoto.be openphoto.meUntitled .  free photographs for download.  creative commons licensed images.  ",image_94.jpg
95,somewhereelse ,https://cdn.openphoto.net/thumbs2/volumes/somewhereelse/20050319/opl_CIMG6724.JPG,https://openphoto.net/gallery/image/view/7738,opl_CIMG6724.JPG,"mï¿½we, zï¿½rich, see, vogel, seagull, bird, middle, east, style, christof wittwer stock free images, free clip art, openphoto.be openphoto.meMiddle East .  free photographs for download.  creative commons licensed images.  ",image_95.jpg
96,Lasse Kolb,https://cdn.openphoto.net/thumbs2/volumes/lassekolb/20050707/opl_m%F6we.jpg,https://openphoto.net/gallery/image/view/8504,opl_m%F6we.jpg,"seagull gull stock free images, free clip art, openphoto.be openphoto.meM�we .  free photographs for download.  creative commons licensed images.  ",image_96.jpg
97,Rodolfo Cartas,https://cdn.openphoto.net/thumbs2/volumes/sourcecraft/20050925/opl_Bild%20073.jpg,https://openphoto.net/gallery/image/view/8880,opl_Bild%20073.jpg,"ostrich stock free images, free clip art, openphoto.be openphoto.meOstrich .  free photographs for download.  creative commons licensed images.  ",image_97.jpg
98,Rodolfo Cartas,https://cdn.openphoto.net/thumbs2/volumes/sourcecraft/20050924/opl_Bild%20055.jpg,https://openphoto.net/gallery/image/view/8877,opl_Bild%20055.jpg,"swan pink beak bill stock free images, free clip art, openphoto.be openphoto.meswan .  free photographs for download.  creative commons licensed images.  ",image_98.jpg
99,Teemu V�lim�ki ,https://cdn.openphoto.net/thumbs2/volumes/cred/20051126/opl_00008.jpg,https://openphoto.net/gallery/image/view/9125,opl_00008.jpg,"owl? stock free images, free clip art, openphoto.be openphoto.meUntitled .  free photographs for download.  creative commons licensed images.  ",image_99.jpg
100,Bruce Kingsbury,https://cdn.openphoto.net/thumbs2/volumes/zcat/20060106/openphotonet_IMG_2839.JPG,https://openphoto.net/gallery/image/view/9540,openphotonet_IMG_2839.JPG,"pukeko stock free images, free clip art, openphoto.be openphoto.mepukekos .  free photographs for download.  creative commons licensed images.  ",image_100.jpg
101,Michael Jastremski,https://cdn.openphoto.net/thumbs2/volumes/mike/20050911/opl_2005_09_September_Morris_Arboretum%20040.jpg,https://openphoto.net/gallery/image/view/8755,opl_2005_09_September_Morris_Arboretum%20040.jpg,"swan stock free images, free clip art, openphoto.be openphoto.mefdr park philadelphia .  free photographs for download.  creative commons licensed images.  ",image_101.jpg
102,Michael Jastremski,https://cdn.openphoto.net/thumbs2/volumes/mike/20060218/openphotonet_DE_Skies_Feb_2006%20001.jpg,https://openphoto.net/gallery/image/view/9868,openphotonet_DE_Skies_Feb_2006%20001.jpg,"fluffy clouds in autumn birds stock free images, free clip art, openphoto.be openphoto.meUntitled .  free photographs for download.  creative commons licensed images.  ",image_102.jpg
103,Miroslav Vajdić,https://cdn.openphoto.net/thumbs2/volumes/miro/20060626/openphotonet_sokolic%2001.jpg,https://openphoto.net/gallery/image/view/11163,openphotonet_sokolic%2001.jpg,"hawk, bird stock free images, free clip art, openphoto.be openphoto.meHAWK in the city .  free photographs for download.  creative commons licensed images.  ",image_103.jpg
104,Michael Jastremski,https://cdn.openphoto.net/thumbs2/volumes/mike/20060726/openphotonet_July_13_2006%20048.jpg,https://openphoto.net/gallery/image/view/12163,openphotonet_July_13_2006%20048.jpg,"wildwood nj stock free images, free clip art, openphoto.be openphoto.meUntitled .  free photographs for download.  creative commons licensed images.  ",image_104.jpg
105,Daniel Steger,https://cdn.openphoto.net/thumbs2/volumes/stg/20061208/openphotonet_PICT8001.JPG,https://openphoto.net/gallery/image/view/15720,openphotonet_PICT8001.JPG,"Everglades, Miami, FL bird in flight stock free images, free clip art, openphoto.be openphoto.meEverglades, Miami, FL .  free photographs for download.  creative commons licensed images.  ",image_105.jpg
106,Erika Mlejova,https://cdn.openphoto.net/thumbs2/volumes/Delphin/20060925/openphotonet_133_3390_IMG.JPG,https://openphoto.net/gallery/image/view/14840,openphotonet_133_3390_IMG.JPG,"Slovakia Koice stock free images, free clip art, openphoto.be openphoto.meUntitled .  free photographs for download.  creative commons licensed images.  ",image_106.jpg
107,Miroslav Vajdić,https://cdn.openphoto.net/thumbs2/volumes/miro/20070415/openphotonet_kokot%20p07%2005.jpg,https://openphoto.net/gallery/image/view/16531,openphotonet_kokot%20p07%2005.jpg,"rooster. red rooster, cock  stock free images, free clip art, openphoto.be openphoto.merooster .  free photographs for download.  creative commons licensed images.  ",image_107.jpg
108,patrick hysell,https://cdn.openphoto.net/thumbs2/volumes/pvh/20071027/openphotonet_DSC_0296.JPG,https://openphoto.net/gallery/image/view/18647,openphotonet_DSC_0296.JPG,"ds :: Wild :: wild native gamebirds in their natural habitat stock free images, free clip art, openphoto.be openphoto.meds :: Wild :: wild native gamebirds in their natural habitat .  free photographs for download.  creative commons licensed images.  ",image_108.jpg
109,Natthawut Kulnirundorn,https://cdn.openphoto.net/thumbs2/volumes/m3rlinez/20080501/openphotonet_DSC_0165.JPG,https://openphoto.net/gallery/image/view/20073,openphotonet_DSC_0165.JPG,"bird opera house stock free images, free clip art, openphoto.be openphoto.meAustralian Bird .  free photographs for download.  creative commons licensed images.  ",image_109.jpg
110,Antonello Michele Mastinu,https://cdn.openphoto.net/thumbs2/volumes/lello/20070409/openphotonet_01_-_Diamantini.jpg,https://openphoto.net/gallery/image/view/16490,openphotonet_01_-_Diamantini.jpg,"chicks birds in cage  stock free images, free clip art, openphoto.be openphoto.meUntitled .  free photographs for download.  creative commons licensed images.  ",image_110.jpg
111,Michael Jastremski,https://cdn.openphoto.net/thumbs2/volumes/mike/20060530/openphotonet_May_29_2006%20088.jpg,https://openphoto.net/gallery/image/view/10929,openphotonet_May_29_2006%20088.jpg,"blue eggshell fairmount park stock free images, free clip art, openphoto.be openphoto.mealready hatched .  free photographs for download.  creative commons licensed images.  ",image_111.jpg
112,Stefan ,https://cdn.openphoto.net/thumbs2/volumes/Tweety2501/20080402/openphotonet_fliegende%20Meise%20054.jpg,https://openphoto.net/gallery/image/view/19318,openphotonet_fliegende%20Meise%20054.jpg,"Meise, flying bird stock free images, free clip art, openphoto.be openphoto.meFlying Bird .  free photographs for download.  creative commons licensed images.  ",image_112.jpg
113,Jordan Miller,https://cdn.openphoto.net/thumbs2/volumes/helloandhi/20061025/openphotonet_DSC01124.JPG,https://openphoto.net/gallery/image/view/15366,openphotonet_DSC01124.JPG,"river park stock free images, free clip art, openphoto.be openphoto.meRiverside park .  free photographs for download.  creative commons licensed images.  ",image_113.jpg
114,Michael Jastremski,https://cdn.openphoto.net/thumbs2/volumes/mike/20101113/openphotonet_IMG_9990.JPG,https://openphoto.net/gallery/image/view/23714,openphotonet_IMG_9990.JPG,"geese and ducks stock free images, free clip art, openphoto.be openphoto.meUntitled .  free photographs for download.  creative commons licensed images.  ",image_114.jpg
115,Michael Jastremski,https://cdn.openphoto.net/thumbs2/volumes/mike/20120330/openphotonet_IMG_2923.JPG,https://openphoto.net/gallery/image/view/24596,openphotonet_IMG_2923.JPG,"ducks in flight stock free images, free clip art, openphoto.be openphoto.meUntitled .  free photographs for download.  creative commons licensed images.  ",image_115.jpg
116,Michael Jastremski,https://cdn.openphoto.net/thumbs2/volumes/mike/20100910/openphotonet_IMG_0873.jpg,https://openphoto.net/gallery/image/view/23341,openphotonet_IMG_0873.jpg,"strawberry mansion bridge philadelphia birds stock free images, free clip art, openphoto.be openphoto.meschuylkill river  .  free photographs for download.  creative commons licensed images.  ",image_116.jpg
117,Michael Jastremski,https://cdn.openphoto.net/thumbs2/volumes/mike/20120330/openphotonet_IMG_3011.JPG,https://openphoto.net/gallery/image/view/24586,openphotonet_IMG_3011.JPG,"birds flying overhead in a flock stock free images, free clip art, openphoto.be openphoto.memigration .  free photographs for download.  creative commons licensed images.  ",image_117.jpg
118,Michael Jastremski,https://cdn.openphoto.net/thumbs2/volumes/mike/20111011/openphotonet_Skook_October_8_Harry%20083.jpg,https://openphoto.net/gallery/image/view/24214,openphotonet_Skook_October_8_Harry%20083.jpg,"black bird taking off on the river stock free images, free clip art, openphoto.be openphoto.mecormorant dancing across the water .  free photographs for download.  creative commons licensed images.  ",image_118.jpg
119,Miroslav Vajdić,https://cdn.openphoto.net/thumbs2/volumes/miro/20090608/openphotonet_P6060141_resize.jpg,https://openphoto.net/gallery/image/view/22499,openphotonet_P6060141_resize.jpg,"wild duck, duck , turtles, water animals stock free images, free clip art, openphoto.be openphoto.mewild duck and turtle .  free photographs for download.  creative commons licensed images.  ",image_119.jpg
120,Michael Jastremski,https://cdn.openphoto.net/thumbs2/volumes/mike/20140424/openphotonet_IMG_4611.JPG,https://openphoto.net/gallery/image/view/27570,openphotonet_IMG_4611.JPG,"pa ren faire bird show stock free images, free clip art, openphoto.be openphoto.meUntitled .  free photographs for download.  creative commons licensed images.  ",image_120.jpg
121,Miroslav Vajdić,https://cdn.openphoto.net/thumbs2/volumes/miro/20140630/openphotonet_aDSCF1574_resize.JPG,https://openphoto.net/gallery/image/view/28047,openphotonet_aDSCF1574_resize.JPG,"beauty, close up, hawk, eyes, dove,m1r0slavv stock free images, free clip art, openphoto.be openphoto.meFalcon Baby   - Falco tinnunculus .  free photographs for download.  creative commons licensed images.  ",image_121.jpg
122,Michael Jastremski,https://cdn.openphoto.net/thumbs2/volumes/mike/20161217/openphotonet_MAJ_7815.JPG,https://openphoto.net/gallery/image/view/31371,openphotonet_MAJ_7815.JPG,"christmass bird stock free images, free clip art, openphoto.be openphoto.mehallmark bird .  free photographs for download.  creative commons licensed images.  ",image_122.jpg
123,Michael Jastremski,https://cdn.openphoto.net/thumbs2/volumes/mike/20190814/openphotonet_MAJ_8471.jpg,https://openphoto.net/gallery/image/view/33094,openphotonet_MAJ_8471.jpg,"hawk pa grand canyon stock free images, free clip art, openphoto.be openphoto.meUntitled .  free photographs for download.  creative commons licensed images.  ",image_123.jpg
124,Michael Jastremski,https://cdn.openphoto.net/thumbs2/volumes/mike/20221009/openphotonet_20220803_084355.jpg,https://openphoto.net/gallery/image/view/34602,openphotonet_20220803_084355.jpg,"baby robins nest under a barn overhang stock free images, free clip art, openphoto.be openphoto.meUntitled .  free photographs for download.  creative commons licensed images.  ",image_124.jpg
125,Michael Jastremski,https://cdn.openphoto.net/thumbs2/volumes/mike/20060101/opl_2005_12_30_Paris_Before_After%20111.jpg,https://openphoto.net/gallery/image/view/9443,opl_2005_12_30_Paris_Before_After%20111.jpg,"paris eiffel effiel  stock free images, free clip art, openphoto.be openphoto.mebirds in eiffel tower pond .  free photographs for download.  creative commons licensed images.  ",image_125.jpg
126,Michael Jastremski,https://cdn.openphoto.net/thumbs2/volumes/mike/20060530/openphotonet_May_29_2006%20146.jpg,https://openphoto.net/gallery/image/view/10935,openphotonet_May_29_2006%20146.jpg,"geese baby babies fairmount park stock free images, free clip art, openphoto.be openphoto.mebaby geese .  free photographs for download.  creative commons licensed images.  ",image_126.jpg
127,Isidro Lam,https://cdn.openphoto.net/thumbs2/volumes/peaceland/20060302/openphotonet_IMG_3717.JPG,https://openphoto.net/gallery/image/view/10007,openphotonet_IMG_3717.JPG,"pigeon brick wall stock free images, free clip art, openphoto.be openphoto.meUntitled .  free photographs for download.  creative commons licensed images.  ",image_127.jpg
128,Miroslav Vajdić,https://cdn.openphoto.net/thumbs2/volumes/miro/20060626/openphotonet_sokolic%2009.jpg,https://openphoto.net/gallery/image/view/11162,openphotonet_sokolic%2009.jpg,"hawk stock free images, free clip art, openphoto.be openphoto.meHAWKS in the city .  free photographs for download.  creative commons licensed images.  ",image_128.jpg
129,Michael Jastremski,https://cdn.openphoto.net/thumbs2/volumes/mike/20060804/openphotonet_Aug_3_2006%20049.jpg,https://openphoto.net/gallery/image/view/12370,openphotonet_Aug_3_2006%20049.jpg,"fdr park philadelphia pa pennsylvania geese ducks algae green sunny stock free images, free clip art, openphoto.be openphoto.memy wedding day .  free photographs for download.  creative commons licensed images.  ",image_129.jpg
130,Erika Mlejova,https://cdn.openphoto.net/thumbs2/volumes/erika/20070323/openphotonet_IMG_0774.jpg,https://openphoto.net/gallery/image/view/16358,openphotonet_IMG_0774.jpg,"Germany Bonn Rheinaue stock free images, free clip art, openphoto.be openphoto.meUntitled .  free photographs for download.  creative commons licensed images.  ",image_130.jpg
131,Miroslav Vajdić,https://cdn.openphoto.net/thumbs2/volumes/miro/20070606/openphotonet_P6060032.JPG,https://openphoto.net/gallery/image/view/17680,openphotonet_P6060032.JPG,"wind hawk stock free images, free clip art, openphoto.be openphoto.mehawk 1 .  free photographs for download.  creative commons licensed images.  ",image_131.jpg
132,Miroslav Vajdić,https://cdn.openphoto.net/thumbs2/volumes/miro/20070606/openphotonet_P6060038.JPG,https://openphoto.net/gallery/image/view/17677,openphotonet_P6060038.JPG,"wind hawk stock free images, free clip art, openphoto.be openphoto.mehawk 4 .  free photographs for download.  creative commons licensed images.  ",image_132.jpg
133,Adrian van Leen,https://cdn.openphoto.net/thumbs2/volumes/TALUDA/20080603/openphotonet_Australian%20wedge-tailed%20eagle1.JPG,https://openphoto.net/gallery/image/view/20869,openphotonet_Australian%20wedge-tailed%20eagle1.JPG,"wedge-tailed eagle,Australian,large,bird of prey,beak,talons,sharp-eyed,powerful,majestic,raptor stock free images, free clip art, openphoto.be openphoto.meAustralian wedge-tailed eagle .  free photographs for download.  creative commons licensed images.  ",image_133.jpg
134,John Ellingsworth,https://cdn.openphoto.net/thumbs2/volumes/jellings/20041012/opl_090104_00934.jpg,https://openphoto.net/gallery/image/view/6543,opl_090104_00934.jpg,"bird skeleton stock free images, free clip art, openphoto.be openphoto.meUntitled .  free photographs for download.  creative commons licensed images.  ",image_134.jpg
135,Michael Jastremski,https://cdn.openphoto.net/thumbs2/volumes/mike/20110216/openphotonet_IMG_1154.JPG,https://openphoto.net/gallery/image/view/23856,openphotonet_IMG_1154.JPG,"egret on the river stock free images, free clip art, openphoto.be openphoto.meegret .  free photographs for download.  creative commons licensed images.  ",image_135.jpg
136,Michael Jastremski,https://cdn.openphoto.net/thumbs2/volumes/mike/20130719/openphotonet_IMG_3676.JPG,https://openphoto.net/gallery/image/view/25997,openphotonet_IMG_3676.JPG,"white bird flying over sea grass bethany bay delaware stock free images, free clip art, openphoto.be openphoto.meUntitled .  free photographs for download.  creative commons licensed images.  ",image_136.jpg
137,Michael Jastremski,https://cdn.openphoto.net/thumbs2/volumes/mike/20140401/openphotonet_IMG_3676.JPG,https://openphoto.net/gallery/image/view/27378,openphotonet_IMG_3676.JPG,"white bird flying coastal delaware stock free images, free clip art, openphoto.be openphoto.meUntitled .  free photographs for download.  creative commons licensed images.  ",image_137.jpg
138,Michael Jastremski,https://cdn.openphoto.net/thumbs2/volumes/mike/20140707/openphotonet_IMG_3149.JPG,https://openphoto.net/gallery/image/view/28078,openphotonet_IMG_3149.JPG,"birdhouse stock free images, free clip art, openphoto.be openphoto.meUntitled .  free photographs for download.  creative commons licensed images.  ",image_138.jpg
139,Michael Jastremski,https://cdn.openphoto.net/thumbs2/volumes/mike/20160822/openphotonet_MAJ_4521.JPG,https://openphoto.net/gallery/image/view/30848,openphotonet_MAJ_4521.JPG,"vqs2016 stock free images, free clip art, openphoto.be openphoto.meUntitled .  free photographs for download.  creative commons licensed images.  ",image_139.jpg
140,Michael Jastremski,https://cdn.openphoto.net/thumbs2/volumes/mike/20161217/openphotonet_MAJ_7780.JPG,https://openphoto.net/gallery/image/view/31352,openphotonet_MAJ_7780.JPG,"bahamas gulls stock free images, free clip art, openphoto.be openphoto.meUntitled .  free photographs for download.  creative commons licensed images.  ",image_140.jpg
141,Michael Jastremski,https://cdn.openphoto.net/thumbs2/volumes/mike/20170821/openphotonet_MAJ_3148.JPG,https://openphoto.net/gallery/image/view/32292,openphotonet_MAJ_3148.JPG,"renfaire2017 stock free images, free clip art, openphoto.be openphoto.meUntitled .  free photographs for download.  creative commons licensed images.  ",image_141.jpg
142,Michael Jastremski,https://cdn.openphoto.net/thumbs2/volumes/mike/20170821/openphotonet_MAJ_3130.JPG,https://openphoto.net/gallery/image/view/32297,openphotonet_MAJ_3130.JPG,"renfaire2017 stock free images, free clip art, openphoto.be openphoto.meUntitled .  free photographs for download.  creative commons licensed images.  ",image_142.jpg
143,Michael Jastremski,https://cdn.openphoto.net/thumbs2/volumes/mike/20171020/openphotonet_MAJ_4327.JPG,https://openphoto.net/gallery/image/view/32534,openphotonet_MAJ_4327.JPG,"flying bird philadelphia stock free images, free clip art, openphoto.be openphoto.meheron flying away .  free photographs for download.  creative commons licensed images.  ",image_143.jpg
144,Michael Jastremski,https://cdn.openphoto.net/thumbs2/volumes/mike/20171103/openphotonet_MAJ_4491.JPG,https://openphoto.net/gallery/image/view/32540,openphotonet_MAJ_4491.JPG,"flying birds stock free images, free clip art, openphoto.be openphoto.meheron flying away .  free photographs for download.  creative commons licensed images.  ",image_144.jpg
145,Miroslav Vajdić,https://cdn.openphoto.net/thumbs2/volumes/miro/20180623/openphotonet_aDSC_3152.JPG,https://openphoto.net/gallery/image/view/32785,openphotonet_aDSC_3152.JPG,"#falcon     #animal     #GreatNature     m1r0slavv     wild birds     photooftheday     amazing     best     unbelievable     free licence     no1     free image     fantastic     #MiroslavVajdic     outdoor     animal     bird stock free images, free clip art, openphoto.be openphoto.meBaby falcons .  free photographs for download.  creative commons licensed images.  ",image_145.jpg
146,Jordan Miller,https://cdn.openphoto.net/thumbs2/volumes/helloandhi/20050212/opl_DSC00080.JPG,https://openphoto.net/gallery/image/view/7438,opl_DSC00080.JPG,"flamingo stock free images, free clip art, openphoto.be openphoto.meUntitled .  free photographs for download.  creative commons licensed images.  ",image_146.jpg
147,ComputerHotline ,https://cdn.openphoto.net/thumbs2/volumes/ComputerHotline/20050328/opl_cygne.jpg,https://openphoto.net/gallery/image/view/7775,opl_cygne.jpg,"Cygnus, Cygne, Cygnes, Bird, Birds, Oiseaux, Oiseau, Animals, Animal, Animaux stock free images, free clip art, openphoto.be openphoto.meSwan / Cygnes .  free photographs for download.  creative commons licensed images.  ",image_147.jpg
148,Michael Jastremski,https://cdn.openphoto.net/thumbs2/volumes/mike/openphoto_dot_net/2005_10_22_25826_4_OPL.jpg,https://openphoto.net/gallery/image/view/9035,2005_10_22_25826_4_OPL.jpg,"bus birds crossing road chesterbrook pa geese crossing   stock free images, free clip art, openphoto.be openphoto.mebus stopped for geese .  free photographs for download.  creative commons licensed images.  ",image_148.jpg
149,LORENTE Jerome,https://cdn.openphoto.net/thumbs2/volumes/vlibre/20051201/opl_barcelone%20146.jpg,https://openphoto.net/gallery/image/view/9132,opl_barcelone%20146.jpg,"swan in the water stock free images, free clip art, openphoto.be openphoto.meCignus - Cignes - Graceful .  free photographs for download.  creative commons licensed images.  ",image_149.jpg
